itemid,orderid,orderunits,zipcode,city,state,hour,date
Item_930,1,8.845292373708391,43713,City_22,State_52,13,2017-04-15
Item_930,5,3.191787609925483,27620,City_73,State_78,3,2017-11-06
Item_297,7,4.326977844984175,70115,City_74,State_71,18,2017-08-21
Item_549,8,5.472367073147346,36621,City_13,State_83,13,2017-07-28
Item_896,11,2.1125618531400328,54102,City_68,State_53,20,2017-10-02
Item_810,15,8.316953085958364,10979,City_79,State_76,15,2017-07-25
Item_756,17,2.2954072075447,17175,City_34,State_98,6,2017-10-26
Item_154,21,6.19471991510889,63515,City_65,State_62,22,2017-05-24
Item_476,22,6.048559145600371,80800,City_26,State_67,13,2017-03-20
Item_120,23,2.6505446385557976,16130,City_59,State_31,6,2017-08-05
Item_369,25,4.349367151781626,68767,City_81,State_29,6,2017-08-28
Item_238,27,4.823865233703316,74999,City_93,State_17,20,2017-03-04
Item_623,28,5.335223625729504,92041,City_56,State_79,15,2018-01-17
Item_796,30,2.918550974950091,99414,City_17,State_24,20,2017-12-21
Item_390,33,9.576604081399363,80253,City_36,State_52,1,2018-01-01
Item_769,34,6.8832703466201925,92113,City_64,State_54,8,2017-12-17
Item_884,37,7.384684120682341,50319,City_87,State_21,18,2017-04-24
Item_820,43,6.106141453102852,70461,City_68,State_13,0,2018-01-10
Item_194,44,2.0076921978261546,92537,City_93,State_15,20,2017-03-08
Item_158,45,8.231049294302945,85417,City_52,State_41,11,2017-08-06
Item_488,47,8.854628561269985,17831,City_39,State_54,7,2017-10-19
Item_133,48,7.485567542370851,32813,City_85,State_54,15,2017-09-12
Item_931,52,2.7148059344130075,97537,City_31,State_93,0,2017-03-24
Item_552,54,7.069499274833045,23582,City_88,State_95,0,2018-01-31
Item_372,55,8.076542804512739,56411,City_54,State_61,10,2017-04-09
Item_109,56,1.3422310368398171,53720,City_11,State_22,16,2017-03-03
Item_907,59,8.847216535286345,82054,City_68,State_39,0,2018-02-02
Item_680,60,9.768390938519989,85996,City_19,State_84,10,2017-11-13
Item_160,61,5.584542668011615,31381,City_95,State_17,15,2017-03-14
Item_520,63,7.926113657821574,25787,City_42,State_64,14,2017-12-26
Item_190,64,7.698878271630049,84403,City_96,State_15,4,2017-06-19
Item_994,70,3.4336825110184828,62254,City_14,State_76,0,2017-03-28
Item_526,71,8.12554184739252,49412,City_74,State_41,15,2017-05-22
Item_349,72,3.767343344217691,84608,City_56,State_18,22,2017-07-24
Item_586,76,3.284472772855151,29248,City_65,State_91,2,2017-05-11
Item_884,79,7.003080141783962,90475,City_11,State_17,6,2017-09-04
Item_307,80,0.680427460688753,32944,City_88,State_59,22,2018-01-05
Item_443,82,1.7396678547478268,32700,City_86,State_64,14,2017-06-20
Item_908,88,4.450720171077209,38061,City_81,State_33,14,2017-04-01
Item_237,89,6.459073404276016,86960,City_76,State_43,0,2017-10-20
Item_344,92,0.3577725101960614,52048,City_18,State_95,22,2017-05-03
Item_802,93,7.2557180408738855,97737,City_61,State_64,0,2017-08-25
Item_375,96,5.490815494978133,35726,City_64,State_31,22,2017-08-19
Item_470,98,3.1135527473533497,50753,City_55,State_52,6,2017-04-07
Item_688,99,3.7556156582077582,71729,City_69,State_49,5,2018-02-09
Item_224,100,2.453837108057913,64381,City_73,State_19,21,2018-01-18
Item_591,102,4.260696495374055,30879,City_43,State_29,19,2017-11-29
Item_483,106,7.081573972315507,45460,City_39,State_84,18,2018-01-26
Item_793,107,7.518445025904908,16844,City_26,State_75,6,2018-02-14
Item_533,108,1.7749409549316886,70046,City_13,State_82,13,2017-09-22
Item_417,109,1.0522785423203431,75054,City_73,State_31,9,2017-09-21
Item_249,119,9.474711459293054,25186,City_35,State_33,22,2017-03-01
Item_632,125,0.3255239203790501,19556,City_93,State_86,9,2017-06-18
Item_182,131,6.383266138753488,86323,City_48,State_33,22,2017-03-06
Item_793,132,3.9644418616656574,75707,City_56,State_84,3,2018-01-21
Item_694,134,1.8122021080336195,76786,City_68,State_34,12,2017-09-19
Item_603,137,2.794519599837329,32641,City_15,State_13,12,2017-04-30
Item_169,141,7.557539280707984,40992,City_86,State_53,5,2018-02-07
Item_555,144,3.0634458312117516,76023,City_96,State_83,23,2018-02-04
Item_603,145,2.9651031512479933,48134,City_52,State_37,20,2017-04-18
Item_558,153,4.357128991970366,83484,City_44,State_84,3,2017-06-24
Item_393,154,8.081847028886484,60148,City_36,State_61,1,2017-05-21
Item_268,156,4.90985977158728,23110,City_32,State_18,5,2017-08-06
Item_494,157,3.1195259345709325,61336,City_25,State_95,23,2017-08-10
Item_425,158,2.8175971060120024,39657,City_45,State_37,13,2017-07-21
Item_938,160,8.382320285078553,68353,City_42,State_25,21,2017-03-06
Item_139,163,1.3775500484462357,83521,City_63,State_77,20,2017-03-21
Item_631,168,9.750739080437311,19320,City_42,State_97,23,2017-12-26
Item_562,174,5.968890758462851,71048,City_48,State_65,20,2017-05-15
Item_634,177,7.508885135914795,90829,City_44,State_75,8,2017-03-26
Item_802,178,6.032679298278841,79756,City_83,State_34,10,2017-07-08
Item_322,183,8.730532604039475,53958,City_19,State_52,22,2017-08-06
Item_450,184,2.1203182832126646,25862,City_77,State_24,8,2017-03-19
Item_203,187,2.1089916894811003,97970,City_93,State_28,12,2017-07-11
Item_135,190,6.971956521454466,60562,City_89,State_94,18,2017-03-06
Item_440,191,3.4286869673590283,62156,City_62,State_32,2,2017-06-27
Item_980,194,4.17255251835557,52351,City_52,State_93,12,2017-05-10
Item_518,195,6.262183457316816,83723,City_27,State_27,13,2017-06-22
Item_644,196,1.7956948460186917,15166,City_95,State_27,20,2018-02-19
Item_804,198,7.663704477780043,82795,City_59,State_99,17,2017-04-30
Item_292,199,1.4626499260397963,69314,City_99,State_77,9,2017-09-17
Item_268,204,3.499697692071427,14538,City_29,State_32,4,2018-01-31
Item_201,206,9.375154034531246,95452,City_84,State_21,20,2018-01-10
Item_892,207,5.880463844339492,90942,City_84,State_85,3,2017-07-14
Item_266,208,9.371862283359611,70585,City_36,State_86,16,2017-12-15
Item_871,210,2.6957741959863504,60297,City_84,State_45,15,2017-04-15
Item_770,215,3.3063987815583897,68969,City_94,State_18,21,2017-04-14
Item_128,219,9.057130691087801,51555,City_97,State_92,23,2017-04-02
Item_295,222,1.397456353499872,96177,City_17,State_17,23,2018-01-14
Item_873,224,6.555413231823715,42560,City_75,State_54,16,2017-04-04
Item_105,227,7.288782081704084,73200,City_79,State_75,17,2018-01-11
Item_537,228,2.3462364182070736,77160,City_76,State_83,22,2018-02-19
Item_489,238,8.194641114954816,96541,City_48,State_44,17,2017-10-09
Item_958,240,1.4603579176181838,77189,City_66,State_21,0,2018-02-09
Item_599,244,6.464829935721063,83082,City_36,State_12,17,2017-05-30
Item_239,247,9.175878244204394,28914,City_42,State_64,6,2017-03-07
Item_977,255,4.825593054954617,80076,City_18,State_25,20,2017-10-10
Item_197,256,0.276486445321235,20734,City_97,State_85,1,2018-01-01
Item_978,257,9.327160137846228,10186,City_73,State_95,4,2017-05-31
Item_367,261,1.715086097216402,17282,City_97,State_87,6,2017-10-13
Item_270,265,2.9872061108513854,26554,City_96,State_86,10,2017-03-03
Item_464,267,5.130085981442872,50753,City_27,State_86,6,2017-08-29
Item_629,269,1.9314424560485255,54017,City_89,State_64,8,2017-04-17
Item_978,272,1.5457226110979596,59975,City_28,State_13,16,2017-05-11
Item_654,273,5.03501095729026,67275,City_49,State_17,11,2017-04-01
Item_236,275,9.837694149692219,50236,City_81,State_75,7,2017-11-21
Item_859,278,0.5406384200722646,47670,City_99,State_82,4,2017-12-25
Item_639,279,2.3616538319703952,35877,City_62,State_19,9,2017-07-04
Item_863,281,9.536648944885247,14322,City_43,State_96,22,2017-06-10
Item_801,282,8.19453231784318,31590,City_48,State_92,13,2017-02-24
Item_249,283,3.438375227806465,40338,City_22,State_57,11,2017-06-17
Item_304,287,7.446672794993876,95916,City_63,State_98,21,2017-08-23
Item_224,288,2.774056980322846,20085,City_56,State_86,11,2017-06-14
Item_867,293,5.566085644477314,94725,City_78,State_76,18,2017-05-03
Item_804,295,1.304672373463053,29702,City_46,State_48,18,2017-08-19
Item_876,296,2.6077658803260046,26456,City_35,State_58,1,2017-07-24
Item_338,299,6.51282230227739,50471,City_71,State_79,4,2017-06-04
Item_122,300,7.319665731171304,49624,City_13,State_97,20,2017-03-09
Item_960,301,6.020948026208135,59783,City_15,State_66,2,2017-11-08
Item_850,304,4.176529495588416,36982,City_97,State_48,19,2017-10-01
Item_511,307,2.910905186222197,74494,City_56,State_48,21,2018-02-18
Item_641,308,9.197203800756096,52296,City_62,State_85,7,2018-01-06
Item_146,311,4.250393689406413,11527,City_31,State_45,6,2017-12-16
Item_445,313,6.3572189785084525,41510,City_26,State_91,8,2018-01-17
Item_621,316,6.678744227987434,71660,City_27,State_27,22,2017-03-14
Item_520,317,8.543953969605067,50032,City_35,State_39,23,2017-10-10
Item_745,319,7.649177283682482,33289,City_31,State_24,13,2017-12-22
Item_700,320,2.7794446842192713,19277,City_24,State_17,16,2017-10-05
Item_305,326,7.252159349963101,87379,City_16,State_53,6,2017-08-05
Item_257,329,2.69366726785186,47260,City_31,State_77,1,2018-02-19
Item_493,335,5.774985362517336,97186,City_56,State_63,17,2017-09-07
Item_195,337,1.3914837915971472,91367,City_32,State_42,7,2017-07-26
Item_598,338,4.372180173031806,59092,City_61,State_79,0,2017-05-10
Item_604,339,7.903167196724418,30083,City_89,State_39,18,2017-12-01
Item_852,340,8.928528416218935,86650,City_82,State_52,12,2017-09-25
Item_967,342,3.3319505741432023,26193,City_33,State_57,5,2018-02-14
Item_429,344,0.8248678584653238,41483,City_45,State_25,23,2017-04-05
Item_880,347,2.2539583632207374,61546,City_75,State_36,9,2017-05-08
Item_283,348,0.44239847507039065,25035,City_24,State_46,13,2017-08-14
Item_197,355,7.148498014901867,94112,City_43,State_43,18,2017-09-11
Item_324,356,2.186387352756605,49014,City_12,State_11,3,2017-03-11
Item_409,360,3.3199280387724475,75181,City_13,State_45,9,2017-04-08
Item_170,361,3.1529212357791656,63294,City_58,State_27,14,2017-09-06
Item_182,364,0.5909426603447473,66350,City_59,State_31,10,2017-03-29
Item_983,366,1.1053097013635782,97189,City_44,State_18,11,2017-03-01
Item_929,367,4.61792254993517,16132,City_92,State_24,9,2017-04-27
Item_747,369,8.597117547446988,58211,City_87,State_46,6,2018-01-16
Item_584,371,5.086132792535326,92342,City_84,State_34,10,2017-12-06
Item_487,373,8.343025858285143,85103,City_72,State_81,22,2017-08-19
Item_690,389,7.055676345258482,34451,City_54,State_92,3,2018-01-27
Item_973,391,1.5934315767288154,50764,City_58,State_19,18,2017-05-18
Item_444,395,6.632352407273817,75103,City_58,State_58,2,2017-08-16
Item_948,398,9.696888817605677,62649,City_78,State_84,15,2017-02-27
Item_187,402,5.197679225552412,33763,City_45,State_88,21,2017-11-23
Item_617,404,7.6327405616767035,27463,City_11,State_18,9,2017-04-15
Item_257,405,3.9014025876241827,94599,City_22,State_55,20,2017-10-15
Item_244,408,3.829104896098745,30290,City_81,State_54,10,2017-03-28
Item_454,409,5.040851227866859,60988,City_77,State_27,10,2017-07-18
Item_923,410,1.0676118104399321,94562,City_83,State_27,11,2017-11-28
Item_329,411,4.51658702693392,23921,City_32,State_71,2,2017-06-18
Item_828,420,2.8567341978039194,80038,City_81,State_32,12,2017-05-18
Item_282,421,8.031293501648635,74708,City_38,State_38,9,2017-08-15
Item_565,423,7.847494960213044,42137,City_94,State_76,2,2017-12-08
Item_166,424,3.746429944025743,79319,City_64,State_83,15,2018-01-20
Item_976,428,6.0404051605062685,48038,City_87,State_46,0,2017-02-27
Item_453,432,3.5951233971625847,39993,City_13,State_97,3,2017-10-30
Item_468,433,3.784240065464977,95008,City_47,State_34,5,2017-10-23
Item_127,442,9.780345055447851,60185,City_52,State_87,7,2017-06-05
Item_420,445,2.17590309590421,28560,City_92,State_12,19,2017-09-07
Item_911,449,6.546623248428595,92867,City_49,State_21,0,2018-01-15
Item_728,450,8.50157762240646,96541,City_93,State_44,16,2017-03-20
Item_234,451,3.947863237200846,70450,City_72,State_93,21,2018-01-22
Item_528,452,1.8300050222670339,21276,City_66,State_26,6,2017-08-26
Item_163,453,5.686293732028505,73472,City_96,State_79,7,2017-06-10
Item_945,454,8.709748429420316,30999,City_13,State_81,5,2017-05-01
Item_461,457,9.192419717587539,83828,City_66,State_11,5,2017-07-29
Item_247,460,0.3690956949077725,57242,City_17,State_11,4,2017-11-14
Item_912,461,8.273778899400655,94102,City_77,State_49,9,2017-09-08
Item_609,463,9.47275950488557,12935,City_47,State_75,15,2017-09-10
Item_430,464,8.903122491005197,24118,City_25,State_58,13,2017-08-16
Item_217,470,9.624406885075828,97911,City_52,State_35,18,2017-03-21
Item_202,471,7.373621110888588,73126,City_59,State_18,22,2017-11-02
Item_493,472,3.425163612085513,74878,City_26,State_75,14,2017-07-05
Item_411,474,1.1944747345874576,56167,City_87,State_26,0,2018-01-23
Item_632,476,6.60905188603959,20606,City_78,State_77,3,2017-10-27
Item_339,477,3.2722595625376725,63232,City_69,State_28,22,2018-01-15
Item_379,483,7.131134289197763,43399,City_59,State_33,16,2017-12-13
Item_340,485,9.831056454226568,18078,City_72,State_58,21,2017-05-22
Item_785,489,8.657536771981087,69874,City_64,State_58,9,2017-05-11
Item_678,491,2.028611005599962,56886,City_65,State_66,0,2017-05-21
Item_510,492,2.0426940028098146,46530,City_48,State_53,17,2017-12-23
Item_830,493,6.799184383407266,40103,City_39,State_78,20,2017-12-14
Item_438,494,2.0676125794388143,56946,City_55,State_51,4,2017-12-16
Item_237,499,7.919734787754583,89581,City_73,State_25,10,2017-08-02
Item_543,500,2.2540612071814756,60082,City_45,State_23,19,2017-09-24
Item_927,501,1.6831857212330754,64330,City_54,State_11,6,2017-09-03
Item_934,502,6.501603047679887,51817,City_58,State_87,2,2017-07-12
Item_992,505,1.6179092093528846,15299,City_66,State_62,11,2017-03-28
Item_901,507,8.317662804866025,22416,City_41,State_46,11,2017-09-22
Item_592,510,5.619399443517719,99027,City_42,State_61,12,2017-06-10
Item_395,515,6.251601224809803,47896,City_32,State_74,17,2017-12-11
Item_684,516,1.8614518402409417,56312,City_84,State_64,20,2017-07-23
Item_120,522,2.8792787999412197,15998,City_33,State_96,21,2017-12-27
Item_520,523,9.77001706962997,33243,City_24,State_68,5,2017-04-26
Item_136,525,0.14150102661061623,95272,City_91,State_94,22,2017-11-21
Item_658,527,6.096018744223439,74685,City_22,State_74,8,2017-10-22
Item_172,528,3.31158441768281,35376,City_14,State_11,4,2017-04-09
Item_530,530,5.208412756144064,60291,City_17,State_25,17,2017-09-15
Item_439,532,0.7682642994549488,79616,City_14,State_79,9,2017-07-10
Item_482,538,0.9994347074661968,25154,City_12,State_97,0,2018-02-16
Item_521,542,5.92262894705292,15921,City_59,State_98,8,2017-08-21
Item_683,544,7.492352308668073,45913,City_14,State_57,16,2017-09-30
Item_435,550,8.758113099076345,70872,City_17,State_56,23,2017-06-21
Item_821,556,2.11618384827507,92843,City_44,State_33,2,2017-11-16
Item_608,557,5.2644880681716835,39919,City_77,State_75,7,2017-11-30
Item_463,560,8.892432514132402,18909,City_66,State_42,7,2017-08-29
Item_271,563,5.963837038425112,93898,City_39,State_62,17,2017-08-02
Item_580,564,5.530143641020646,41947,City_51,State_48,23,2017-06-10
Item_855,565,1.54240650012918,65238,City_13,State_92,20,2017-11-02
Item_907,568,8.98594940372824,11426,City_11,State_11,14,2017-08-03
Item_174,569,1.8824510403681396,30149,City_68,State_55,15,2017-05-17
Item_455,570,7.648980193278371,22345,City_18,State_98,7,2017-10-20
Item_486,573,3.9584753073512777,85326,City_87,State_42,12,2017-12-22
Item_560,575,9.45333829288501,99892,City_99,State_56,19,2017-08-02
Item_199,576,3.950675981487157,16896,City_94,State_88,22,2017-11-26
Item_257,582,2.189703451256034,13270,City_25,State_25,10,2017-12-26
Item_929,587,9.33865627839406,36423,City_11,State_23,15,2017-08-21
Item_265,594,2.183125029418297,21311,City_26,State_31,16,2017-07-08
Item_789,597,8.57958242192738,96601,City_56,State_87,12,2018-01-31
Item_679,602,5.67687159890743,40251,City_92,State_32,3,2017-05-25
Item_891,603,6.620755237525936,13947,City_65,State_46,21,2017-07-03
Item_875,605,1.5303065032174763,64853,City_53,State_85,3,2017-08-29
Item_308,608,4.835322272867701,63291,City_47,State_46,16,2017-07-06
Item_462,609,3.30702855537771,33374,City_34,State_22,18,2017-08-25
Item_710,610,1.0255990076946355,58574,City_88,State_64,1,2017-06-15
Item_178,613,7.850698297828816,55718,City_23,State_53,6,2017-04-16
Item_115,621,8.102131958710302,19977,City_41,State_31,13,2017-07-10
Item_707,623,4.6460647783611675,53611,City_97,State_12,18,2017-06-11
Item_217,631,0.3593072200736289,83753,City_82,State_91,8,2017-10-11
Item_202,632,2.28469206975038,43803,City_81,State_31,6,2017-03-20
Item_436,638,5.957176745052802,88887,City_85,State_64,5,2017-03-18
Item_114,642,8.053808872201342,53310,City_19,State_14,23,2017-08-27
Item_147,644,2.3224681769382722,95030,City_58,State_72,15,2017-03-30
Item_987,651,3.9276878519885425,95683,City_73,State_15,14,2017-09-09
Item_858,654,9.669242396857419,41058,City_76,State_35,1,2017-10-04
Item_555,660,8.371874842700201,49661,City_23,State_66,14,2018-02-20
Item_916,662,8.154825120682947,95796,City_85,State_25,6,2017-04-09
Item_535,664,2.523059115106223,51854,City_57,State_78,6,2018-02-15
Item_393,666,3.62605739723965,56455,City_23,State_67,12,2017-07-21
Item_369,667,6.809848760298286,83904,City_15,State_97,7,2017-08-04
Item_766,668,7.544243817426646,30036,City_94,State_43,3,2018-01-24
Item_455,669,2.6115035806009543,79177,City_54,State_82,0,2018-02-19
Item_957,672,7.523128477295536,40666,City_11,State_23,13,2017-06-07
Item_427,675,8.770082890283492,62823,City_89,State_61,7,2017-04-06
Item_470,676,7.052839491829477,51838,City_37,State_74,22,2017-06-17
Item_384,682,2.49180231977177,68923,City_48,State_64,13,2017-10-29
Item_788,683,3.082078997754808,45567,City_28,State_61,19,2017-08-01
Item_178,686,9.785927660046733,30000,City_14,State_56,6,2017-06-30
Item_946,687,3.682277756579197,97879,City_38,State_73,11,2018-01-21
Item_655,688,3.6876089325032395,40099,City_91,State_41,3,2017-05-05
Item_839,691,5.692733681360477,28091,City_94,State_54,15,2017-12-05
Item_938,692,7.334124897103986,27642,City_49,State_68,8,2017-02-26
Item_405,698,1.4609159158591454,11034,City_73,State_84,17,2018-02-11
Item_583,701,3.7442338717792945,47426,City_79,State_89,14,2017-12-30
Item_370,709,8.18595311015714,63913,City_95,State_75,8,2017-04-01
Item_743,711,2.6068703507535815,53121,City_59,State_54,0,2017-03-11
Item_198,716,4.353334493210928,34531,City_53,State_53,15,2017-04-07
Item_935,718,7.756000136946654,14331,City_32,State_31,19,2017-06-24
Item_226,719,4.7540691461837765,71414,City_59,State_55,3,2018-01-08
Item_830,722,4.6447511685713225,25017,City_28,State_36,13,2017-08-24
Item_364,725,6.6958838493239625,34246,City_98,State_65,6,2017-07-21
Item_591,727,0.7096294013897405,19056,City_15,State_59,22,2017-06-26
Item_938,729,7.359891613941077,50251,City_63,State_77,13,2017-08-25
Item_785,731,3.090196430866016,27409,City_53,State_63,15,2017-06-01
Item_380,734,6.7615823021797485,75382,City_43,State_43,6,2017-08-18
Item_258,738,3.868127915620656,87520,City_64,State_44,10,2017-11-10
Item_802,739,5.585546005698216,77426,City_66,State_86,11,2017-10-25
Item_447,740,9.58487738546852,40862,City_78,State_41,3,2017-06-14
Item_400,743,4.636622060212082,98346,City_27,State_74,14,2017-11-21
Item_658,744,7.2162765018583075,12772,City_83,State_53,10,2017-11-29
Item_475,745,6.7828562146556495,50751,City_88,State_12,7,2018-01-25
Item_236,751,3.562086603971383,23498,City_51,State_82,7,2017-04-30
Item_422,758,6.389962060586059,57099,City_76,State_56,16,2017-10-04
Item_203,762,1.5809926491971684,95231,City_86,State_78,23,2017-08-22
Item_102,764,2.560829685820937,54980,City_75,State_84,19,2017-06-27
Item_825,767,0.6742161147006408,33801,City_11,State_84,14,2017-05-03
Item_649,771,0.12582631170547168,69308,City_21,State_54,17,2018-01-14
Item_679,773,7.123790737521327,35202,City_21,State_35,0,2017-04-22
Item_380,775,5.6861722920570035,59587,City_18,State_29,12,2017-09-16
Item_119,781,7.223722520667545,54979,City_49,State_16,14,2017-10-05
Item_491,783,3.573388150445891,51004,City_71,State_45,5,2017-04-15
Item_120,784,4.301833578576302,73704,City_75,State_51,15,2017-07-05
Item_568,788,0.5564309956832373,62112,City_35,State_84,14,2017-02-28
Item_332,795,2.1911815348219865,56858,City_46,State_74,23,2017-04-27
Item_111,796,8.602403922066332,43337,City_11,State_95,13,2018-02-01
Item_351,802,9.753765194029526,42855,City_22,State_92,1,2017-04-29
Item_683,804,2.8723433375862615,55516,City_52,State_91,3,2017-09-18
Item_982,805,2.2390850927103854,12864,City_37,State_76,7,2018-01-10
Item_253,809,4.2638473135355275,26558,City_73,State_73,8,2017-07-01
Item_838,811,4.672074646614064,96006,City_84,State_72,6,2017-06-26
Item_786,812,2.924985071778899,64776,City_92,State_73,1,2017-10-15
Item_160,819,7.170332775903399,25315,City_62,State_26,10,2017-07-23
Item_776,822,1.7499017136340786,70792,City_48,State_23,10,2017-12-23
Item_127,824,1.2469186771842318,46044,City_66,State_74,4,2017-04-07
Item_449,826,0.1764323999621757,97243,City_71,State_27,20,2017-05-27
Item_840,828,2.312047639845208,74201,City_43,State_24,9,2017-12-29
Item_202,831,4.537079126460476,49435,City_87,State_96,3,2017-08-27
Item_847,834,8.994664704959032,27611,City_12,State_12,23,2017-06-15
Item_922,839,3.854051973380431,90168,City_95,State_16,14,2017-07-23
Item_975,840,7.557934364126832,80245,City_63,State_22,15,2017-08-05
Item_390,844,0.8235951793966834,78967,City_94,State_48,5,2017-12-25
Item_921,845,1.4000218237003452,29978,City_31,State_22,18,2017-09-23
Item_797,849,3.598164066676707,22289,City_14,State_45,2,2018-01-10
Item_826,856,3.92226990415882,86270,City_22,State_61,21,2017-02-23
Item_249,859,9.737153118586246,11700,City_26,State_88,21,2017-11-14
Item_116,862,3.4869183036714326,24980,City_69,State_15,0,2017-12-09
Item_247,864,8.704661832851153,17576,City_35,State_47,15,2017-03-12
Item_300,865,0.7342495381545364,22080,City_59,State_85,13,2017-04-27
Item_514,870,2.9290260567574737,42555,City_37,State_51,1,2018-02-16
Item_135,871,2.9376373857285802,84496,City_78,State_75,13,2018-02-02
Item_410,889,8.88893775667702,96133,City_32,State_82,1,2017-09-19
Item_223,895,3.7938493611789563,71390,City_72,State_97,12,2018-01-17
Item_641,899,9.790511375476706,70374,City_68,State_76,23,2018-02-07
Item_763,900,7.904340250847296,56108,City_93,State_14,9,2017-06-09
Item_284,901,5.1485587828535975,39940,City_32,State_35,14,2017-12-07
Item_315,907,1.7324769550671477,65392,City_95,State_99,18,2017-04-10
Item_622,913,3.463040536564629,95281,City_73,State_78,5,2017-05-09
Item_604,916,2.6985498452150365,72472,City_99,State_78,20,2017-12-12
Item_657,921,6.851531393038322,73215,City_52,State_89,22,2017-06-07
Item_994,922,8.095934209325662,69044,City_68,State_25,2,2018-01-24
Item_705,924,6.014200778610595,20102,City_19,State_85,8,2017-10-02
Item_145,925,9.534985625659061,27388,City_22,State_41,9,2018-01-17
Item_286,931,0.34574019159057123,99785,City_73,State_16,16,2017-08-23
Item_423,938,4.6789303173231955,33808,City_53,State_21,5,2018-01-24
Item_740,941,4.298583905692634,65740,City_41,State_87,20,2017-06-02
Item_108,945,4.19894213570197,75484,City_61,State_26,21,2017-03-12
Item_112,948,0.6762865470624397,81667,City_59,State_18,9,2017-07-08
Item_690,953,6.422824292892136,96396,City_95,State_59,17,2017-07-30
Item_706,954,5.149436328911415,19567,City_19,State_58,23,2017-08-08
Item_774,956,0.40340836689902493,12889,City_68,State_87,3,2017-04-08
Item_613,959,3.281914789145873,93962,City_72,State_23,21,2017-08-08
Item_617,960,5.825012905648213,93303,City_17,State_92,10,2017-10-04
Item_193,962,9.530334123344351,71123,City_85,State_72,7,2017-11-20
Item_339,966,2.7892619130461087,97057,City_17,State_88,18,2017-09-22
Item_101,968,4.750748676777429,66048,City_98,State_65,11,2017-04-26
Item_181,969,6.741378439243517,65724,City_39,State_61,11,2018-01-19
Item_120,970,5.220385553240496,53195,City_37,State_97,8,2018-02-18
Item_719,974,9.027838724062873,89414,City_16,State_41,23,2017-11-27
Item_641,985,3.6471737134865823,37449,City_62,State_38,10,2017-08-11
Item_284,998,6.0937338549839195,92514,City_76,State_69,22,2018-02-14
Item_772,999,1.704401928235111,95969,City_68,State_94,8,2018-01-24
Item_719,1001,4.290731814494916,37794,City_85,State_79,12,2017-12-17
Item_314,1002,4.014354921406045,80113,City_67,State_48,20,2018-02-15
Item_570,1007,2.3418119905693575,90549,City_33,State_48,23,2017-09-30
Item_332,1008,9.90690574748331,64699,City_39,State_44,8,2017-08-14
Item_306,1015,4.58028791680668,33268,City_12,State_92,11,2017-06-10
Item_166,1017,6.461362678102168,43635,City_75,State_12,8,2017-07-27
Item_934,1020,3.099205256905757,13293,City_13,State_96,2,2017-05-21
Item_147,1022,7.15699199042752,76284,City_18,State_21,5,2017-08-12
Item_941,1026,3.784026130358378,23337,City_22,State_68,8,2017-11-29
Item_493,1027,5.787077748961123,73873,City_22,State_48,4,2018-01-01
Item_983,1028,7.206063350135216,72516,City_31,State_68,4,2017-08-09
Item_266,1030,0.9208199321505374,74223,City_83,State_65,4,2017-10-17
Item_150,1033,6.172720489138515,91103,City_38,State_23,7,2017-07-29
Item_985,1034,6.1574623480804584,51542,City_54,State_46,11,2017-11-30
Item_967,1036,8.460603017151335,76798,City_45,State_96,23,2017-12-11
Item_420,1043,9.478730529212427,63073,City_87,State_65,20,2018-01-05
Item_893,1044,6.590808617058211,90934,City_82,State_25,9,2017-08-18
Item_404,1046,5.4529768108353585,28083,City_73,State_54,21,2017-07-14
Item_868,1049,9.516250446049538,11037,City_18,State_12,19,2018-01-23
Item_230,1051,6.3134859916343045,59280,City_78,State_13,12,2017-11-03
Item_834,1054,6.079339025329423,67299,City_51,State_99,16,2017-04-13
Item_629,1055,2.750326990155093,31683,City_13,State_82,15,2017-10-15
Item_389,1059,8.146193176452723,16465,City_56,State_83,1,2017-04-27
Item_729,1060,9.452605911067947,65853,City_68,State_28,15,2017-07-04
Item_145,1062,5.608341512544989,84599,City_54,State_14,15,2018-01-09
Item_786,1063,5.059920414762921,70802,City_67,State_35,10,2017-10-13
Item_830,1065,5.458303162208335,89887,City_94,State_68,12,2017-06-16
Item_134,1069,2.4400295177158675,79707,City_45,State_46,4,2017-07-30
Item_402,1074,3.3939467171752673,77909,City_84,State_94,15,2017-09-04
Item_303,1077,3.8568359517378323,52388,City_95,State_91,21,2017-12-30
Item_795,1079,3.4305752418003004,10855,City_86,State_98,23,2018-01-23
Item_545,1084,9.139664629041512,36124,City_88,State_81,7,2017-03-12
Item_615,1089,1.578109677425741,44312,City_12,State_86,23,2017-06-25
Item_737,1090,9.5845334753326,85255,City_88,State_69,19,2018-01-30
Item_579,1094,3.3323922957676073,70758,City_36,State_62,20,2017-11-28
Item_380,1095,7.219804296037178,80254,City_83,State_23,9,2017-06-14
Item_298,1097,9.250875380172767,36160,City_92,State_32,12,2017-12-17
Item_944,1105,7.208818975451419,43515,City_54,State_93,21,2017-04-10
Item_698,1110,7.291809611806581,75037,City_77,State_46,6,2017-11-24
Item_638,1112,8.955175875932012,99704,City_91,State_21,21,2017-10-16
Item_497,1113,9.774469209842453,54270,City_32,State_51,23,2017-04-09
Item_546,1119,2.5195057299694343,20384,City_62,State_51,13,2018-01-19
Item_341,1121,2.4808698528219075,13518,City_97,State_25,11,2017-07-26
Item_862,1126,3.645668341434644,96226,City_54,State_53,14,2017-12-25
Item_316,1130,0.45941292649662313,92725,City_77,State_81,3,2018-01-14
Item_813,1134,4.680693604198289,37263,City_22,State_48,18,2017-05-25
Item_758,1135,3.2414567255088618,33365,City_32,State_69,10,2017-10-26
Item_304,1137,5.4341024906718935,60679,City_56,State_71,15,2017-05-18
Item_744,1140,3.548149362052831,54458,City_14,State_11,20,2018-02-03
Item_519,1141,3.7616666484732297,82687,City_53,State_69,6,2017-04-29
Item_952,1149,5.709269016198197,46487,City_57,State_37,9,2018-01-10
Item_871,1150,6.053683269396856,11656,City_58,State_87,3,2017-08-13
Item_633,1151,2.609311594520625,99256,City_27,State_31,12,2018-02-20
Item_308,1154,0.5118769305462006,63760,City_32,State_76,15,2018-01-13
Item_124,1156,7.58842068710671,52267,City_69,State_84,23,2017-09-05
Item_444,1157,0.9386455095407572,25490,City_57,State_16,15,2017-12-19
Item_229,1159,8.002184733574992,86360,City_93,State_44,17,2017-04-23
Item_453,1160,1.091361790771792,26339,City_36,State_16,14,2017-03-10
Item_791,1161,2.00595574740974,30046,City_63,State_27,2,2017-04-15
Item_130,1162,2.765582428965254,82505,City_55,State_54,10,2017-09-29
Item_272,1167,8.438339756685865,51523,City_97,State_97,22,2017-12-16
Item_810,1169,6.125255705709099,96725,City_21,State_41,23,2017-03-12
Item_441,1172,2.146461835027764,31456,City_37,State_99,10,2017-04-08
Item_949,1173,8.393858068518933,32472,City_98,State_66,4,2017-12-15
Item_852,1176,8.667772462863246,43983,City_38,State_19,11,2017-03-05
Item_234,1179,7.019448547850421,96711,City_93,State_63,3,2017-03-05
Item_619,1184,5.716517938434001,14765,City_55,State_41,1,2017-08-13
Item_216,1186,1.459854211760381,27503,City_98,State_33,9,2017-11-29
Item_331,1188,5.194374720962517,40312,City_35,State_39,10,2017-07-19
Item_514,1195,8.543365116738553,91093,City_33,State_95,10,2017-12-27
Item_573,1197,6.157459236898057,69015,City_92,State_19,8,2017-05-15
Item_884,1198,2.3864001470024556,32736,City_21,State_78,10,2017-06-30
Item_718,1199,8.707396747478919,55086,City_48,State_79,13,2017-11-14
Item_100,1201,7.474440244721992,95088,City_69,State_13,4,2017-10-04
Item_357,1203,3.844282167005875,72889,City_96,State_46,20,2017-12-09
Item_957,1205,5.340223241786221,23405,City_51,State_95,10,2017-12-05
Item_472,1207,4.272349141892526,15225,City_43,State_34,2,2017-12-14
Item_851,1216,2.838402541551579,46957,City_11,State_38,16,2017-06-30
Item_490,1217,2.5489330662271446,68523,City_39,State_98,11,2017-10-16
Item_559,1219,7.687252542906711,11373,City_26,State_61,11,2017-05-12
Item_854,1221,9.644828223564529,32142,City_35,State_37,21,2017-03-24
Item_855,1223,9.955474723161286,71998,City_83,State_89,16,2018-02-11
Item_774,1226,4.555561133658447,73922,City_92,State_68,8,2017-11-17
Item_712,1233,1.9733097720693982,26715,City_81,State_58,6,2017-06-20
Item_603,1234,2.2129343284174205,73374,City_22,State_57,16,2017-09-04
Item_826,1236,3.8574750014500827,36936,City_45,State_11,3,2017-07-29
Item_929,1239,6.4654610892709785,99624,City_12,State_22,7,2017-05-11
Item_371,1240,4.186231926540374,26888,City_72,State_24,3,2017-03-12
Item_546,1241,6.700478932483213,22309,City_94,State_63,8,2017-04-23
Item_323,1242,6.039404888422718,54592,City_11,State_57,19,2018-01-15
Item_225,1248,8.68062075373801,23288,City_71,State_58,6,2018-02-11
Item_878,1255,0.8783859881433832,60260,City_17,State_55,12,2018-02-20
Item_366,1256,6.852545834647326,57802,City_39,State_25,12,2017-09-11
Item_565,1264,0.4518687099691451,60040,City_24,State_56,18,2017-10-08
Item_408,1270,7.697098396831897,71784,City_23,State_42,10,2017-06-18
Item_275,1271,2.2727060922815827,20169,City_84,State_24,6,2018-02-13
Item_729,1274,8.678897844518268,56814,City_42,State_26,2,2017-08-02
Item_325,1279,8.511330144149797,50492,City_69,State_51,22,2017-07-04
Item_160,1283,7.0237147480887705,48355,City_28,State_53,20,2017-08-08
Item_157,1289,3.0011892477342856,87154,City_18,State_94,12,2017-12-15
Item_938,1292,4.889589941693096,26487,City_86,State_45,13,2017-06-23
Item_952,1293,0.870737880012551,36716,City_54,State_85,17,2017-05-31
Item_857,1294,6.750482923330209,94726,City_35,State_87,4,2018-02-09
Item_388,1301,1.8630598141182901,32786,City_96,State_17,21,2017-07-14
Item_763,1306,6.292812556849986,75624,City_25,State_32,5,2017-10-21
Item_108,1307,1.8068598010171577,85131,City_47,State_21,5,2017-12-31
Item_678,1310,7.229578960034864,79126,City_65,State_92,0,2017-07-01
Item_281,1312,0.48930366169845274,42832,City_65,State_98,19,2017-08-29
Item_709,1313,5.056124714164994,70228,City_17,State_67,12,2017-09-09
Item_508,1316,4.720698467628879,90210,City_95,State_16,14,2018-02-19
Item_218,1317,6.018609633740483,82577,City_36,State_11,17,2018-01-30
Item_754,1322,1.7591065888285091,82695,City_94,State_22,3,2018-01-22
Item_856,1330,2.580324555675263,12030,City_66,State_65,2,2017-10-02
Item_228,1332,4.703839320221198,46449,City_23,State_57,1,2017-10-06
Item_253,1333,5.595970423320835,27051,City_63,State_86,11,2017-10-12
Item_407,1334,3.464805852151331,43492,City_32,State_84,17,2017-06-06
Item_945,1335,9.224032436118597,56992,City_11,State_58,22,2017-07-01
Item_135,1337,8.67978522683342,77400,City_38,State_11,23,2018-01-23
Item_474,1342,2.6127392698180123,56509,City_83,State_65,23,2018-01-16
Item_872,1345,9.753500646695825,96784,City_75,State_22,5,2017-09-26
Item_920,1348,6.435180690803494,11527,City_97,State_27,22,2017-05-24
Item_233,1351,2.1341278448120478,63393,City_38,State_86,9,2017-05-19
Item_718,1354,7.478541625844669,64734,City_71,State_14,10,2017-08-29
Item_253,1355,8.079847464310193,77166,City_27,State_69,18,2018-01-08
Item_945,1357,3.5671515260779976,32709,City_61,State_39,10,2017-05-06
Item_366,1358,4.350265602344967,67039,City_49,State_77,9,2017-06-20
Item_388,1359,0.9816265921976768,10510,City_12,State_25,19,2017-03-15
Item_291,1363,2.6051389955486886,59731,City_67,State_71,14,2017-10-24
Item_839,1365,4.047311185820902,76331,City_57,State_14,18,2017-03-07
Item_255,1376,5.481534746210854,57027,City_37,State_99,2,2017-04-05
Item_523,1378,9.28083189493597,73138,City_83,State_74,12,2017-03-03
Item_593,1381,2.1274122679558456,85357,City_25,State_39,10,2017-10-16
Item_287,1388,9.243383398829609,23632,City_63,State_48,2,2017-12-08
Item_697,1390,3.870685356399739,38672,City_58,State_14,21,2018-01-22
Item_940,1391,4.30694312640025,98757,City_68,State_68,2,2017-06-15
Item_526,1396,3.9900378727100234,40591,City_28,State_62,1,2018-01-26
Item_169,1397,3.469925851478844,94078,City_17,State_87,5,2017-10-10
Item_727,1398,0.5352276418148193,82513,City_79,State_39,8,2018-01-25
Item_101,1404,9.713338285277072,13189,City_22,State_81,19,2017-10-09
Item_585,1412,4.096561533058686,74794,City_25,State_98,0,2017-08-02
Item_570,1413,6.232343173898859,18594,City_74,State_72,3,2018-01-27
Item_900,1414,4.0704595681702145,17245,City_62,State_77,5,2017-08-01
Item_494,1417,9.51494211770027,53081,City_55,State_72,8,2017-07-25
Item_471,1420,2.287857285861427,81214,City_19,State_21,14,2017-12-17
Item_141,1423,2.2431517133055907,58295,City_11,State_14,20,2017-08-17
Item_549,1424,5.1032917581657395,18354,City_29,State_56,15,2017-09-06
Item_621,1429,7.460240804194248,57996,City_95,State_72,19,2017-10-06
Item_927,1434,5.043162626476828,85133,City_19,State_99,23,2017-11-21
Item_846,1436,9.988982189742744,45366,City_96,State_55,3,2017-09-28
Item_483,1438,5.415993001776658,51343,City_65,State_78,22,2017-12-28
Item_147,1443,9.717191745055983,69532,City_76,State_79,7,2017-03-05
Item_429,1445,1.4130911656495262,55754,City_28,State_28,18,2017-05-13
Item_541,1446,6.674988155132581,14570,City_92,State_85,16,2017-07-13
Item_984,1448,1.8409481163498223,86766,City_23,State_21,18,2017-06-21
Item_139,1449,5.264284916214741,97302,City_35,State_47,7,2018-02-05
Item_326,1453,4.129107126377895,37841,City_82,State_95,10,2017-04-19
Item_309,1455,9.971179261150002,31112,City_95,State_79,22,2017-09-30
Item_435,1461,3.656517720695357,55220,City_45,State_63,4,2017-10-02
Item_414,1464,8.269225652921637,95627,City_88,State_76,17,2017-07-09
Item_591,1473,8.394247256080394,69413,City_42,State_44,19,2017-12-23
Item_155,1474,1.585431847160913,60719,City_93,State_31,4,2017-03-27
Item_853,1475,9.415217536540949,40864,City_64,State_88,2,2017-12-14
Item_668,1478,0.5945727579763574,42452,City_72,State_86,12,2017-10-15
Item_886,1479,9.863255595123318,87968,City_91,State_83,17,2017-06-10
Item_223,1481,4.021810917365175,94658,City_49,State_24,16,2017-07-22
Item_582,1482,6.734378430397863,53831,City_55,State_98,14,2017-12-11
Item_717,1484,6.891891768830654,87407,City_17,State_23,13,2017-05-22
Item_102,1494,7.967970345503592,23094,City_62,State_93,22,2017-12-12
Item_612,1497,0.9647312986896587,96155,City_41,State_33,4,2018-01-28
Item_326,1501,9.215178794829066,84088,City_67,State_15,23,2017-02-26
Item_313,1505,2.759626243814554,97120,City_77,State_58,11,2017-11-27
Item_782,1509,8.425485018988766,84456,City_13,State_82,6,2017-04-26
Item_908,1519,1.3059682745117334,51272,City_21,State_11,5,2017-05-18
Item_707,1520,9.811771180499422,58630,City_16,State_63,10,2017-11-22
Item_622,1523,3.0348858997061217,69031,City_11,State_31,4,2017-04-12
Item_807,1525,5.198255196009493,91382,City_16,State_59,17,2017-03-11
Item_543,1529,2.879766191824238,36427,City_73,State_89,5,2017-07-13
Item_268,1530,5.516907751993862,24150,City_44,State_76,8,2017-09-20
Item_202,1533,6.414105925570125,39519,City_66,State_75,17,2017-08-02
Item_806,1534,9.33729305969117,18007,City_97,State_15,19,2017-05-26
Item_546,1538,4.88578559430786,52199,City_87,State_56,1,2017-10-20
Item_931,1546,2.908592905974455,81410,City_78,State_51,17,2017-07-06
Item_442,1550,9.583227598745266,26136,City_34,State_82,6,2017-03-03
Item_700,1551,5.151139052747277,92948,City_27,State_27,17,2017-11-15
Item_419,1552,5.3933092678902375,88678,City_22,State_74,21,2017-10-04
Item_120,1554,2.8574857917449674,63879,City_45,State_19,13,2017-02-25
Item_212,1555,3.0978897076262517,67855,City_91,State_64,0,2017-06-02
Item_489,1557,3.651830414919427,76160,City_94,State_26,23,2018-01-07
Item_829,1562,7.006257886684364,85299,City_84,State_74,7,2017-12-03
Item_216,1565,1.0745122784160852,24132,City_23,State_32,0,2017-12-11
Item_877,1566,9.507399404872626,66402,City_75,State_63,13,2017-05-14
Item_858,1574,8.177888827984129,61799,City_44,State_27,19,2017-09-27
Item_776,1577,6.454594079008512,48784,City_63,State_75,22,2017-09-03
Item_294,1580,2.4819313921136543,50193,City_82,State_74,7,2017-09-21
Item_527,1581,7.7845057668573086,51087,City_99,State_46,13,2017-09-21
Item_449,1585,7.054671442029664,95646,City_77,State_17,15,2017-03-07
Item_161,1586,0.42854889023389453,71629,City_36,State_14,8,2017-03-08
Item_748,1587,8.5940637195779,13861,City_53,State_45,18,2017-05-14
Item_313,1593,2.826739180723147,20052,City_19,State_58,14,2017-05-16
Item_289,1600,0.39277825353088525,55572,City_19,State_34,1,2017-03-27
Item_402,1604,3.7006396828545554,65055,City_32,State_69,10,2017-12-01
Item_457,1606,6.555214935841994,34294,City_34,State_38,22,2017-08-03
Item_652,1609,1.4730611281883927,35843,City_97,State_51,5,2017-09-14
Item_269,1611,7.113396282753573,22326,City_86,State_19,14,2017-06-09
Item_232,1615,2.874734366632707,67991,City_12,State_63,7,2017-12-03
Item_628,1618,6.462762821019755,54167,City_35,State_18,0,2017-12-29
Item_174,1620,0.7005909937732001,96742,City_93,State_74,8,2017-12-08
Item_453,1621,0.16093191216759387,98955,City_98,State_63,6,2018-01-20
Item_607,1622,2.3954821765890104,20616,City_29,State_16,17,2017-06-14
Item_724,1623,5.790446613550459,80653,City_69,State_68,1,2017-09-23
Item_949,1626,0.580468148649193,19012,City_51,State_99,3,2017-10-12
Item_802,1628,0.34797936594863565,96000,City_78,State_18,0,2018-01-18
Item_464,1629,3.544694638314398,64368,City_65,State_24,11,2018-02-20
Item_840,1632,7.118007422475488,71996,City_19,State_13,17,2017-03-31
Item_561,1641,9.86688455109435,52984,City_31,State_96,21,2017-09-17
Item_891,1643,1.6279315217970602,46586,City_22,State_82,5,2018-02-06
Item_625,1645,3.997536359970757,11546,City_84,State_66,21,2017-06-02
Item_691,1646,6.444962701609659,68632,City_26,State_85,17,2017-05-26
Item_636,1647,6.828660745621874,32454,City_17,State_98,18,2017-04-15
Item_235,1651,3.09842225102916,65625,City_68,State_62,6,2017-12-13
Item_330,1652,5.614375724384657,12528,City_31,State_98,17,2018-01-27
Item_641,1655,7.64058327259026,68131,City_14,State_77,7,2017-12-29
Item_901,1662,4.999307982750726,58796,City_64,State_81,19,2017-07-29
Item_401,1677,5.09276665142873,48755,City_47,State_69,3,2017-04-05
Item_866,1679,6.74174934058677,57132,City_21,State_24,18,2017-03-06
Item_287,1680,2.2507671752783525,49736,City_83,State_63,9,2017-11-25
Item_669,1681,9.246320075683222,79929,City_91,State_22,21,2017-09-17
Item_643,1683,8.73313182855595,56424,City_66,State_32,8,2017-08-08
Item_348,1684,4.644751619989397,40810,City_37,State_68,0,2017-06-05
Item_500,1688,2.0892853556820183,51610,City_37,State_93,11,2017-08-06
Item_351,1693,7.674329210202299,77008,City_67,State_99,15,2017-05-27
Item_743,1695,0.30797338370563665,45198,City_45,State_13,0,2017-03-30
Item_843,1696,5.557135879858578,71892,City_62,State_72,20,2017-02-27
Item_410,1700,4.586862791232365,10397,City_26,State_91,13,2018-02-05
Item_635,1712,7.271000509147446,40197,City_79,State_48,1,2017-07-31
Item_190,1718,8.459897082838202,41977,City_83,State_89,15,2017-12-15
Item_547,1719,8.37820455852975,46370,City_41,State_52,7,2017-06-12
Item_610,1722,7.2638483435169,41717,City_32,State_74,9,2017-12-19
Item_287,1723,4.072705015335418,38368,City_83,State_86,23,2018-02-05
Item_198,1731,7.968480097111606,50726,City_51,State_77,8,2017-07-18
Item_971,1734,5.296380041404527,56920,City_64,State_95,12,2017-02-27
Item_992,1735,6.3985729723049,72030,City_53,State_42,4,2017-03-15
Item_438,1739,4.041002343964486,18829,City_96,State_56,7,2017-06-29
Item_979,1745,4.979754343898495,78390,City_21,State_97,12,2017-09-02
Item_264,1746,7.017494138621326,86161,City_57,State_32,1,2017-06-18
Item_575,1749,4.372351543566019,60753,City_19,State_95,3,2017-07-19
Item_377,1753,3.6003010222695186,85071,City_24,State_26,20,2017-04-25
Item_530,1755,9.207417045401229,52019,City_39,State_48,14,2017-05-20
Item_136,1756,0.8644908586998088,26066,City_95,State_46,13,2017-02-26
Item_398,1758,4.097178529992155,11944,City_35,State_41,11,2017-07-21
Item_158,1760,0.8782713811162153,65759,City_52,State_65,13,2017-11-09
Item_811,1761,7.237053972063449,48721,City_63,State_38,4,2017-04-18
Item_327,1762,7.969864118642274,96972,City_55,State_79,20,2017-08-31
Item_704,1763,6.02207333102629,39721,City_91,State_53,13,2017-03-23
Item_344,1765,4.501951160282726,49179,City_33,State_19,3,2017-05-17
Item_952,1766,7.889124733689835,70580,City_27,State_18,0,2017-03-15
Item_624,1767,1.102322303203289,13982,City_99,State_64,12,2017-06-19
Item_801,1768,5.986660178824035,33216,City_78,State_51,21,2017-10-24
Item_669,1770,0.2641845341063188,67233,City_57,State_11,3,2017-09-29
Item_485,1771,6.827246466189002,57625,City_98,State_29,12,2017-09-04
Item_363,1776,8.126546916845198,23519,City_32,State_59,23,2017-08-22
Item_110,1777,0.9345187424357194,31312,City_44,State_19,2,2017-04-19
Item_376,1779,8.799769604629923,36778,City_79,State_97,11,2017-08-24
Item_957,1780,5.0378830236010765,38430,City_12,State_69,22,2017-05-09
Item_459,1782,1.7515952851396082,37849,City_37,State_67,10,2018-01-17
Item_279,1785,0.17753811438239026,54491,City_91,State_96,3,2017-08-24
Item_711,1786,7.107418526944866,98578,City_16,State_83,0,2018-01-26
Item_233,1793,8.954901740948749,64263,City_81,State_68,13,2017-04-03
Item_448,1802,0.5800181182700294,95816,City_81,State_14,20,2018-02-02
Item_554,1803,8.86957386712778,44095,City_86,State_67,8,2017-09-17
Item_256,1804,0.22875282521003998,74329,City_85,State_49,7,2017-10-17
Item_584,1805,0.47057619636259174,68639,City_34,State_97,4,2017-09-07
Item_904,1806,3.6522368661509437,83397,City_34,State_24,7,2017-07-30
Item_224,1807,4.3711601026868925,48607,City_85,State_74,14,2017-11-26
Item_960,1811,9.181650476727784,95797,City_72,State_79,1,2017-04-30
Item_469,1815,3.053177153674767,66052,City_46,State_32,0,2017-06-09
Item_390,1817,4.586431908567223,75889,City_11,State_46,1,2017-07-01
Item_918,1819,8.174970461435432,77059,City_27,State_44,2,2017-10-19
Item_719,1821,5.014003903686353,96582,City_93,State_22,10,2017-04-16
Item_218,1826,4.2738873598029254,43456,City_66,State_58,23,2017-10-16
Item_257,1830,2.258014931893173,70047,City_62,State_53,15,2017-08-01
Item_148,1840,5.578253771816172,48227,City_74,State_25,22,2017-08-26
Item_393,1845,2.5731603442852187,13998,City_85,State_77,12,2018-02-13
Item_202,1846,9.041195514782444,48663,City_54,State_14,18,2017-10-30
Item_489,1847,3.773627687880588,98408,City_88,State_31,23,2017-09-04
Item_909,1848,5.13455377888917,73432,City_52,State_66,12,2018-01-15
Item_805,1850,3.6594763553927687,52882,City_81,State_25,6,2017-12-18
Item_186,1855,3.428138678704441,38966,City_84,State_93,14,2017-09-18
Item_907,1857,2.593002047588775,95579,City_59,State_42,5,2017-03-05
Item_219,1859,7.9096500629271524,69194,City_37,State_87,3,2017-03-23
Item_163,1862,7.3292745978446865,10007,City_31,State_51,4,2017-09-13
Item_174,1869,5.570333531975001,12950,City_56,State_69,8,2017-11-27
Item_962,1870,4.439526626756723,15997,City_89,State_67,3,2017-06-19
Item_520,1876,2.7420487632500627,32270,City_64,State_67,0,2017-05-11
Item_843,1879,8.188497631444186,34838,City_38,State_27,9,2017-02-28
Item_888,1881,4.762464833236549,98011,City_97,State_52,1,2017-09-05
Item_278,1882,9.808052583966425,31422,City_87,State_28,10,2018-01-25
Item_378,1885,5.682613880259402,13055,City_48,State_23,12,2018-02-12
Item_915,1890,6.795972988065915,36040,City_88,State_74,15,2017-07-22
Item_438,1893,5.830229503365383,72006,City_94,State_21,14,2017-10-08
Item_831,1895,6.720270336018621,35011,City_75,State_43,7,2017-09-29
Item_192,1898,9.303264365017936,27722,City_96,State_24,12,2017-04-01
Item_367,1899,3.231670609455973,22414,City_52,State_36,4,2017-02-27
Item_728,1900,4.540422858902231,22552,City_41,State_54,20,2017-06-03
Item_438,1901,6.82594506190725,85536,City_26,State_57,6,2017-07-23
Item_297,1902,7.307070749625097,26038,City_32,State_62,16,2017-06-17
Item_600,1903,2.559200984138137,13115,City_96,State_12,17,2017-09-18
Item_160,1906,0.769054886969785,24185,City_62,State_15,7,2018-01-16
Item_393,1908,3.9109038956234343,99247,City_85,State_92,18,2017-03-06
Item_158,1911,3.315220794953427,76169,City_75,State_13,20,2017-05-28
Item_935,1915,6.925755140360143,59704,City_73,State_39,3,2017-11-11
Item_123,1917,0.10948813679077322,81056,City_73,State_21,1,2017-11-28
Item_183,1918,3.1859055144525836,38010,City_47,State_32,15,2017-09-23
Item_727,1919,2.647327158918208,26751,City_79,State_22,4,2017-03-12
Item_684,1921,9.432308568195307,80796,City_19,State_31,5,2018-01-09
Item_545,1926,9.811963192535304,60704,City_87,State_13,3,2018-02-14
Item_931,1927,5.571390794022262,30500,City_86,State_59,10,2017-12-20
Item_847,1931,3.9041934310726623,68693,City_95,State_61,5,2017-03-06
Item_628,1934,5.829372852651926,81085,City_98,State_26,12,2017-06-10
Item_166,1936,6.149536307757227,13337,City_73,State_39,8,2017-07-01
Item_494,1941,7.101970116177602,35150,City_99,State_44,19,2017-09-01
Item_673,1951,4.617530722190621,24252,City_18,State_58,7,2017-07-11
Item_847,1952,6.908889223825157,99992,City_18,State_99,11,2017-03-03
Item_170,1953,9.981769275293393,19618,City_42,State_26,16,2017-03-26
Item_942,1954,4.6173737709191425,91052,City_94,State_64,19,2017-05-04
Item_769,1958,1.603674660482994,90583,City_48,State_98,21,2017-05-09
Item_946,1961,5.442593398898728,85889,City_66,State_58,19,2017-05-08
Item_173,1964,1.4184129233421028,60334,City_25,State_17,8,2017-12-20
Item_428,1965,0.9233964700203026,75179,City_11,State_39,7,2017-06-24
Item_843,1966,1.407358658393238,37749,City_91,State_28,5,2017-10-03
Item_711,1970,7.7638628233475275,68054,City_58,State_51,11,2017-10-12
Item_541,1971,9.460068033353014,69233,City_29,State_65,8,2017-03-06
Item_169,1972,0.5667142500291135,89328,City_88,State_77,2,2017-03-17
Item_115,1974,5.615935317435637,74106,City_26,State_23,23,2017-09-10
Item_441,1985,2.9859603235935035,16219,City_28,State_23,5,2018-01-10
Item_197,1987,0.559415256454703,69255,City_56,State_81,5,2017-10-18
Item_833,1992,7.662136791836702,80388,City_89,State_97,17,2018-02-05
Item_870,1995,0.7616579382833005,29531,City_87,State_28,21,2018-01-18
Item_506,1997,5.1977435339590485,97101,City_57,State_18,19,2017-11-19
Item_996,1999,2.7824896853948418,22528,City_72,State_82,21,2017-11-05
Item_882,2001,3.934952705557684,79482,City_23,State_56,7,2017-04-05
Item_654,2002,8.504511747325441,92180,City_57,State_32,2,2017-03-11
Item_615,2005,0.9989748024568225,28633,City_58,State_36,3,2017-05-10
Item_423,2006,0.4805618332965217,11367,City_48,State_14,8,2017-11-08
Item_649,2008,7.677448827377793,59279,City_33,State_65,16,2017-12-08
Item_227,2009,5.2740674286990625,96300,City_31,State_83,8,2017-10-25
Item_906,2014,4.716829775651702,11465,City_64,State_36,13,2017-03-15
Item_532,2015,7.851650039513894,65211,City_47,State_18,11,2017-05-28
Item_423,2019,5.457741382267155,53355,City_18,State_68,11,2017-12-07
Item_837,2023,7.282509370641681,50457,City_32,State_81,21,2017-06-14
Item_481,2026,0.6528961518646649,78529,City_15,State_92,22,2017-06-29
Item_133,2039,5.152350537580833,19449,City_17,State_74,20,2017-11-28
Item_619,2040,4.243815051284856,10504,City_72,State_49,1,2018-01-19
Item_598,2042,5.30522692262063,92268,City_51,State_93,9,2017-05-06
Item_809,2043,0.26180210254024744,59191,City_89,State_73,18,2017-06-28
Item_474,2050,7.6607818926160585,16274,City_95,State_91,21,2017-08-24
Item_538,2051,1.435175653673289,35401,City_43,State_53,20,2018-01-19
Item_647,2052,6.296619294953602,50119,City_22,State_97,20,2017-11-27
Item_577,2053,1.080420527000154,87035,City_62,State_15,0,2017-08-11
Item_546,2055,3.444976855495696,36870,City_58,State_51,0,2017-10-05
Item_574,2056,4.953149441972197,66338,City_17,State_66,3,2017-07-27
Item_821,2057,1.1266748681161771,25101,City_86,State_91,4,2017-08-24
Item_719,2060,9.854591133790413,32920,City_22,State_29,6,2017-06-16
Item_239,2067,0.4099748681898977,34387,City_52,State_12,8,2017-07-01
Item_602,2069,9.702143467415242,37981,City_44,State_78,6,2017-11-06
Item_508,2070,7.929037567956407,14602,City_27,State_44,1,2017-04-02
Item_253,2076,4.073720170276106,20148,City_55,State_94,18,2018-01-07
Item_989,2077,1.6935580258131047,56515,City_24,State_56,13,2017-08-31
Item_821,2083,6.593218530774485,10373,City_76,State_55,21,2017-06-16
Item_768,2084,2.9925448379580866,19673,City_39,State_71,22,2017-02-26
Item_608,2085,0.7370292008834098,69232,City_91,State_32,21,2017-12-21
Item_755,2086,7.989047473752338,42977,City_73,State_64,19,2018-01-18
Item_280,2087,0.3505533867237568,43806,City_93,State_35,5,2017-08-10
Item_896,2091,9.596313110067952,47708,City_57,State_12,22,2017-06-13
Item_900,2093,9.438912054427961,42716,City_44,State_85,0,2017-09-15
Item_304,2097,8.302851432961031,56633,City_45,State_83,5,2017-07-19
Item_439,2100,5.341336437597047,35765,City_92,State_89,0,2017-02-23
Item_984,2101,9.077346174294506,86825,City_49,State_37,19,2017-12-11
Item_636,2102,4.742637420503765,51551,City_62,State_98,8,2017-05-29
Item_992,2104,5.842852980652894,95038,City_18,State_69,19,2017-05-10
Item_122,2106,5.9323299153322875,32103,City_49,State_97,5,2017-05-18
Item_360,2107,9.75485968489871,66983,City_31,State_77,4,2017-07-21
Item_848,2110,6.173291859322006,19782,City_56,State_93,12,2017-08-24
Item_814,2115,8.633403085251409,64180,City_44,State_82,13,2017-08-07
Item_407,2117,9.305220693054592,15689,City_53,State_72,17,2017-06-03
Item_302,2121,8.051213733291137,20912,City_68,State_55,3,2018-02-15
Item_426,2123,9.876366756624627,82277,City_99,State_43,8,2017-10-06
Item_879,2130,7.200467183802028,81851,City_38,State_71,18,2018-02-19
Item_439,2136,2.4000499112024536,94140,City_88,State_42,1,2018-01-17
Item_777,2137,1.0293461161000355,83911,City_57,State_54,2,2018-02-13
Item_601,2139,6.167885176170059,47909,City_62,State_73,2,2017-08-07
Item_748,2148,1.759456370174073,41227,City_42,State_27,22,2017-06-29
Item_533,2149,3.23798532802979,18042,City_75,State_66,22,2017-03-15
Item_156,2153,1.2277605292651517,47216,City_16,State_62,10,2017-03-02
Item_536,2156,3.0954765638418884,78096,City_72,State_49,8,2017-07-31
Item_152,2157,4.452712407378862,32068,City_33,State_37,19,2017-11-21
Item_160,2160,5.815543309272926,79076,City_34,State_88,4,2018-02-17
Item_133,2163,7.606005926835037,65535,City_96,State_62,2,2017-08-14
Item_955,2164,3.610300538801548,60814,City_52,State_77,0,2017-09-06
Item_991,2172,3.658044737846555,95089,City_26,State_73,16,2017-07-08
Item_247,2179,9.156238768460073,27291,City_59,State_74,21,2017-12-11
Item_511,2180,3.6571751309537874,42335,City_77,State_77,22,2017-07-06
Item_823,2181,4.175045882230169,86892,City_41,State_24,2,2017-05-29
Item_995,2183,8.291914439845208,66836,City_75,State_75,8,2018-01-27
Item_950,2184,1.9801551761805678,85644,City_56,State_52,23,2017-04-04
Item_674,2186,3.4566863459183934,68794,City_27,State_85,21,2017-07-07
Item_278,2188,8.785258606601005,37541,City_53,State_38,3,2017-10-25
Item_671,2189,6.04120158811105,67412,City_27,State_17,3,2017-08-12
Item_781,2193,1.6561063985966882,55877,City_73,State_74,3,2017-10-02
Item_540,2198,1.4651985714616933,75332,City_72,State_49,23,2017-08-03
Item_536,2199,9.76366085039832,54279,City_53,State_39,11,2017-10-05
Item_653,2200,1.633105252435851,33638,City_79,State_41,2,2017-11-14
Item_893,2212,5.960328741524924,63121,City_45,State_83,17,2017-07-16
Item_222,2213,0.2731262754251303,43284,City_86,State_71,3,2017-05-10
Item_226,2218,5.315254875923504,94016,City_38,State_28,12,2018-02-19
Item_457,2222,6.389864103326305,37567,City_41,State_41,21,2017-08-08
Item_561,2232,1.6835467690785118,24932,City_52,State_76,17,2017-06-07
Item_175,2238,3.755744195292689,94647,City_82,State_91,21,2017-03-26
Item_467,2241,4.098134644843307,21898,City_19,State_39,5,2017-12-10
Item_174,2242,6.863331861278715,62483,City_92,State_44,14,2017-04-05
Item_711,2247,5.0216597158771545,60251,City_39,State_76,2,2018-02-01
Item_184,2249,1.99550468179887,47603,City_96,State_97,12,2017-06-21
Item_417,2254,3.978766965834008,60561,City_62,State_49,16,2017-05-20
Item_440,2262,3.1590142146897446,22511,City_56,State_73,15,2017-07-11
Item_960,2266,0.7097734246048097,92226,City_43,State_21,15,2017-10-05
Item_940,2267,7.481796307823799,90596,City_71,State_75,16,2017-03-24
Item_252,2271,0.676564515197532,82498,City_74,State_88,16,2017-11-20
Item_406,2272,7.039555835008869,67549,City_13,State_88,21,2017-12-14
Item_985,2277,7.360737681497319,64276,City_48,State_84,22,2017-03-04
Item_232,2280,1.1804271999396503,80741,City_46,State_79,16,2017-06-28
Item_956,2285,0.24224150539491743,98026,City_43,State_37,21,2017-09-26
Item_735,2287,7.35025523844581,99207,City_82,State_42,3,2017-02-25
Item_268,2288,2.724909716765608,11795,City_57,State_63,20,2017-08-30
Item_518,2290,3.6397411751790765,12024,City_11,State_35,18,2017-07-11
Item_636,2295,0.4585465086268027,68467,City_76,State_62,16,2017-08-19
Item_665,2296,0.5332893002742111,88071,City_59,State_57,11,2017-08-02
Item_645,2302,2.1628200976676837,85884,City_92,State_99,1,2017-05-15
Item_147,2305,9.066044939993276,61868,City_47,State_31,18,2017-06-05
Item_754,2306,2.236115524107018,52626,City_18,State_88,14,2017-07-01
Item_913,2312,9.04785332346873,70380,City_39,State_74,3,2017-04-17
Item_568,2314,5.225451393485135,20998,City_22,State_59,1,2018-01-26
Item_646,2315,9.317280478538791,14807,City_98,State_87,10,2018-01-10
Item_168,2316,0.4078633172893864,98464,City_22,State_18,19,2017-05-19
Item_135,2319,7.797342975080666,65079,City_67,State_45,11,2017-04-16
Item_339,2321,3.0305781105914256,66260,City_34,State_13,7,2017-08-14
Item_433,2327,5.063552430812608,49685,City_43,State_63,12,2018-01-07
Item_843,2329,5.281023723386448,87664,City_92,State_57,22,2017-10-01
Item_495,2331,5.862545628391072,49962,City_72,State_86,17,2017-08-10
Item_385,2336,7.41240294553871,90859,City_82,State_69,5,2017-07-10
Item_764,2337,4.8738941172075565,81767,City_61,State_87,18,2017-08-12
Item_667,2339,9.973356622540935,61275,City_79,State_25,10,2017-11-26
Item_590,2340,7.220930920648541,10960,City_81,State_98,3,2017-06-17
Item_753,2347,3.222832421871076,31623,City_55,State_82,13,2017-11-11
Item_393,2350,9.710235299719184,92462,City_93,State_42,9,2017-10-03
Item_555,2351,7.635810468006333,32318,City_75,State_58,13,2017-10-04
Item_885,2352,3.4840009865795696,32044,City_85,State_71,16,2017-07-29
Item_395,2354,1.5383271894543797,38616,City_29,State_88,15,2017-11-22
Item_274,2356,6.946456281962243,78392,City_33,State_58,21,2017-08-23
Item_206,2357,0.9891848953198915,73189,City_66,State_38,16,2017-03-14
Item_751,2362,5.904081879961851,64838,City_71,State_64,4,2017-09-15
Item_236,2363,2.27173436140609,63574,City_31,State_77,17,2017-09-07
Item_142,2365,4.7795462052633555,70323,City_49,State_29,22,2017-06-23
Item_314,2368,9.934961655173659,58117,City_28,State_62,0,2017-05-30
Item_533,2373,4.070605058251576,21433,City_36,State_45,6,2018-02-19
Item_317,2375,0.698067555477056,33057,City_58,State_16,2,2017-10-17
Item_788,2377,8.81128488945151,93909,City_44,State_67,6,2018-01-04
Item_705,2379,3.7661114482717037,70045,City_41,State_69,20,2017-10-24
Item_845,2380,4.683958042788018,62857,City_68,State_82,18,2017-03-11
Item_874,2382,5.338908986637186,91856,City_32,State_22,23,2017-03-25
Item_753,2388,1.0957607457567655,98664,City_65,State_24,6,2017-03-31
Item_821,2389,4.228619611855462,31257,City_27,State_33,2,2017-05-19
Item_153,2390,5.6295113383176005,58410,City_52,State_51,23,2017-07-30
Item_342,2391,8.072214436922255,12493,City_69,State_96,3,2017-10-16
Item_771,2392,8.497956751276007,33709,City_27,State_64,22,2017-12-08
Item_849,2393,6.635477432935066,92234,City_27,State_52,22,2017-10-31
Item_233,2397,6.093479571279653,84527,City_98,State_59,21,2018-01-14
Item_756,2407,9.901344946859336,91143,City_79,State_69,16,2017-06-22
Item_387,2408,2.400359790567334,15141,City_29,State_73,21,2017-04-24
Item_430,2410,4.9839307618547135,92282,City_31,State_29,1,2017-04-12
Item_380,2415,1.5635219846331554,19185,City_98,State_65,6,2017-06-20
Item_126,2416,4.379498182078358,62262,City_68,State_86,21,2017-04-18
Item_761,2417,5.15589438133641,23660,City_95,State_62,3,2017-09-25
Item_393,2424,9.758645101482411,35012,City_63,State_63,23,2017-11-23
Item_178,2432,7.802283845652976,10980,City_72,State_83,8,2017-03-30
Item_510,2442,5.712844972982458,74192,City_16,State_75,21,2017-11-17
Item_131,2443,0.9592114586326835,41090,City_79,State_56,5,2017-08-17
Item_693,2444,3.8996959396128084,31421,City_36,State_17,4,2018-01-24
Item_335,2452,9.41726212580772,92665,City_74,State_15,21,2017-10-04
Item_128,2453,7.435724591961823,37340,City_42,State_16,11,2018-01-03
Item_716,2454,1.3837676328359638,28373,City_97,State_38,4,2017-02-26
Item_314,2456,9.105812800088541,36159,City_79,State_44,3,2017-10-03
Item_904,2460,4.733767388789618,75657,City_51,State_86,16,2017-05-14
Item_826,2463,1.561435505642162,27640,City_11,State_95,7,2017-06-27
Item_663,2467,1.59557944767115,53804,City_69,State_86,10,2017-07-31
Item_506,2472,4.377373808678107,96083,City_47,State_35,0,2017-06-15
Item_528,2473,6.127289135750152,20281,City_75,State_73,0,2017-09-08
Item_287,2475,6.022017368084018,23770,City_29,State_97,2,2017-05-13
Item_322,2481,9.29018583399293,22134,City_71,State_56,19,2017-04-20
Item_740,2483,3.3245016225606556,28432,City_46,State_44,10,2017-11-13
Item_204,2485,8.153128451103205,13531,City_21,State_31,12,2017-08-26
Item_660,2489,8.056567579718736,19145,City_17,State_92,16,2017-02-22
Item_562,2490,2.7129138251976164,31885,City_61,State_13,10,2017-06-20
Item_167,2501,6.810715169399266,14190,City_84,State_85,17,2018-02-15
Item_696,2502,3.626813997815861,85378,City_71,State_12,14,2018-01-16
Item_937,2507,7.014215540942976,71613,City_68,State_39,9,2017-06-11
Item_907,2514,2.617835184427066,27323,City_24,State_52,17,2017-08-14
Item_313,2515,8.733187757739133,48130,City_74,State_51,1,2017-10-20
Item_269,2517,3.880655691905044,96275,City_97,State_48,16,2017-06-14
Item_345,2522,6.898882936606524,76686,City_45,State_32,5,2017-11-29
Item_559,2523,7.918222181213172,85117,City_68,State_73,21,2017-09-01
Item_761,2524,8.792331660601096,25819,City_76,State_99,14,2017-09-25
Item_471,2528,4.728208859917279,14758,City_31,State_62,11,2017-11-06
Item_202,2533,8.920233689257138,18640,City_75,State_75,8,2018-02-20
Item_195,2535,0.5207599880487084,38040,City_17,State_18,14,2017-12-18
Item_738,2540,9.734807095950819,73681,City_38,State_72,7,2017-06-17
Item_354,2541,2.8772260813640633,43580,City_44,State_17,3,2018-01-19
Item_303,2547,3.9724332122403467,53011,City_66,State_68,4,2017-08-19
Item_379,2548,5.012116010191847,23137,City_38,State_19,10,2017-10-25
Item_463,2550,8.876385485326823,76939,City_66,State_37,21,2017-09-30
Item_699,2554,5.641140580916171,90095,City_74,State_43,3,2017-04-26
Item_589,2558,3.9753613682627695,44442,City_83,State_65,5,2017-11-07
Item_663,2559,8.770838003805462,30013,City_77,State_99,21,2017-03-11
Item_390,2561,7.435436577908649,61289,City_22,State_14,12,2017-04-19
Item_996,2563,1.0831622453273015,56686,City_14,State_15,2,2017-05-01
Item_185,2564,7.194930466621313,34106,City_15,State_93,1,2017-06-14
Item_776,2567,4.895523885015958,11577,City_47,State_54,9,2017-07-05
Item_797,2569,3.052906525132968,90941,City_83,State_33,7,2017-03-08
Item_398,2570,9.345278416546508,52215,City_91,State_74,19,2017-02-28
Item_154,2572,8.471716593936824,79023,City_87,State_47,2,2018-01-08
Item_585,2573,3.0168583792327466,78441,City_24,State_76,1,2017-09-01
Item_811,2575,1.2918601186563357,47700,City_23,State_62,16,2017-02-28
Item_283,2577,4.601470237192705,54480,City_93,State_51,19,2017-11-04
Item_198,2580,6.708521402055928,67526,City_89,State_19,14,2017-07-22
Item_216,2582,6.475721401357654,57171,City_12,State_82,16,2018-02-10
Item_384,2584,0.7132439253009958,67767,City_37,State_53,11,2017-09-01
Item_506,2585,2.982053952454859,25451,City_59,State_82,13,2017-06-02
Item_957,2587,3.260785495882988,89416,City_53,State_14,1,2017-12-08
Item_993,2588,9.552996383470171,51128,City_32,State_76,2,2017-05-13
Item_622,2592,2.346915086294114,51236,City_19,State_67,9,2017-12-09
Item_766,2594,8.002129670606404,19049,City_37,State_95,17,2017-12-05
Item_177,2598,7.323418863530922,30219,City_75,State_12,16,2018-01-17
Item_301,2606,2.454772285725466,21506,City_42,State_73,22,2018-02-17
Item_736,2607,9.32689287429388,15919,City_27,State_74,12,2017-10-09
Item_688,2608,4.909515395692906,44990,City_76,State_57,4,2018-02-20
Item_399,2609,1.4155629611279628,33440,City_38,State_17,15,2017-10-05
Item_527,2611,6.770320803066885,95033,City_88,State_62,23,2018-01-09
Item_270,2612,2.8950875671203997,70459,City_19,State_49,7,2018-02-15
Item_379,2616,3.4109958472317845,24318,City_73,State_13,21,2018-02-14
Item_635,2626,0.7888923954259441,17865,City_71,State_65,22,2017-07-15
Item_522,2627,0.5913075441048867,97502,City_89,State_57,7,2017-12-31
Item_474,2630,5.455677059021588,90672,City_77,State_81,7,2018-01-07
Item_544,2632,4.821713776844936,35303,City_21,State_71,17,2017-12-19
Item_511,2640,9.031622438393605,12763,City_68,State_56,15,2017-06-02
Item_719,2649,4.934470252981689,24109,City_21,State_16,20,2018-02-12
Item_605,2650,7.320875444585743,12378,City_62,State_53,14,2017-05-07
Item_417,2651,3.247911289918533,89956,City_72,State_78,18,2017-09-10
Item_767,2661,0.303758148845946,88698,City_65,State_83,13,2017-05-24
Item_558,2663,1.8172820469963042,20963,City_94,State_45,19,2017-10-12
Item_102,2665,0.22452667865125844,63156,City_44,State_23,2,2017-10-29
Item_863,2666,1.707285871712287,59280,City_41,State_72,12,2017-04-08
Item_297,2672,6.4832151183604605,30110,City_35,State_86,15,2017-10-24
Item_159,2675,1.4939086873148604,53293,City_46,State_69,18,2018-02-06
Item_500,2676,6.975163583350172,25166,City_93,State_93,1,2017-07-21
Item_881,2678,7.946839553328054,30420,City_31,State_85,14,2017-10-18
Item_777,2679,8.847428836891918,32260,City_52,State_55,14,2017-02-27
Item_673,2681,4.223206285330833,47198,City_63,State_12,17,2017-09-15
Item_755,2684,0.3314649832488056,90392,City_61,State_85,12,2018-02-01
Item_514,2685,3.926458301706521,17526,City_43,State_89,10,2017-10-25
Item_882,2687,3.6241789554040778,40521,City_24,State_46,0,2017-06-10
Item_962,2688,0.16582076622533282,80608,City_69,State_19,17,2017-06-29
Item_606,2689,2.5857566338920583,62750,City_91,State_64,9,2017-04-04
Item_993,2692,2.4122729356375863,76020,City_26,State_57,20,2017-11-23
Item_817,2693,8.049334517982722,64127,City_82,State_25,10,2017-12-07
Item_841,2694,4.413157396623444,19436,City_27,State_21,13,2017-05-07
Item_991,2696,8.850500621034966,49178,City_35,State_46,7,2017-04-17
Item_886,2699,3.541291293675903,36069,City_99,State_31,20,2018-01-07
Item_617,2701,3.0880893136999097,93886,City_98,State_19,7,2017-12-23
Item_421,2707,9.170292377112828,64966,City_14,State_87,22,2018-01-22
Item_238,2708,2.593017651186401,63591,City_38,State_18,16,2017-09-05
Item_748,2714,7.369392097442726,80385,City_32,State_89,11,2017-11-11
Item_944,2720,6.703438528980635,76984,City_62,State_83,3,2018-01-21
Item_702,2721,6.623077678489853,64125,City_21,State_99,0,2017-05-29
Item_174,2723,9.124075445640935,47011,City_47,State_11,14,2017-08-17
Item_467,2727,8.518820564475476,26777,City_46,State_63,6,2017-09-20
Item_614,2728,3.828111795751077,66477,City_67,State_73,20,2017-04-22
Item_503,2729,4.582880942154302,93594,City_13,State_22,22,2017-10-13
Item_122,2730,6.8348892427363435,72515,City_61,State_37,13,2017-05-10
Item_493,2731,2.106073572850697,69514,City_28,State_18,3,2017-03-23
Item_339,2736,4.0465648127610265,39872,City_91,State_94,5,2017-12-10
Item_914,2738,8.521480361365889,78056,City_19,State_29,15,2017-08-09
Item_418,2739,8.75099719173154,68806,City_15,State_98,5,2018-02-19
Item_545,2743,0.8767811591314123,59137,City_57,State_53,20,2017-08-10
Item_952,2751,7.950531673500462,54410,City_32,State_45,13,2017-10-30
Item_294,2754,5.260159896201209,59042,City_91,State_78,3,2017-09-12
Item_890,2755,8.661553509616922,50801,City_95,State_41,20,2017-08-05
Item_583,2761,9.906993130909392,92500,City_47,State_39,7,2017-05-15
Item_808,2762,7.5383264391277285,57808,City_75,State_84,6,2018-02-14
Item_787,2763,9.085353091654875,50109,City_87,State_82,18,2017-12-07
Item_919,2764,8.279031476995602,76286,City_67,State_67,17,2017-08-23
Item_540,2766,4.395212715380519,46004,City_66,State_58,21,2017-10-07
Item_971,2768,6.385868830969356,45532,City_65,State_17,21,2017-06-24
Item_771,2775,9.884712913868627,17321,City_21,State_39,1,2017-11-04
Item_441,2777,9.01598002223951,16867,City_49,State_98,20,2017-11-08
Item_499,2778,6.2864738538625415,32699,City_93,State_64,9,2017-06-22
Item_737,2783,2.243683172019057,42699,City_24,State_24,8,2017-11-19
Item_958,2785,0.7387926763835299,96589,City_66,State_49,2,2017-02-28
Item_912,2796,6.176469522173274,13199,City_26,State_24,14,2017-07-02
Item_982,2801,0.22267662460147467,21021,City_71,State_21,7,2017-05-25
Item_906,2809,4.266381743650405,33385,City_32,State_24,8,2017-05-25
Item_540,2813,3.734814438985609,42087,City_62,State_65,22,2017-10-13
Item_109,2814,4.672899954562537,98621,City_57,State_96,18,2017-04-24
Item_628,2815,3.7819212429039086,67525,City_71,State_67,13,2017-09-28
Item_979,2816,5.0929933263448754,28700,City_13,State_85,2,2018-02-16
Item_772,2817,6.992689696882887,77456,City_62,State_57,9,2017-08-29
Item_829,2821,9.177852943167176,70320,City_57,State_58,23,2017-06-15
Item_605,2822,0.8147353291968202,77181,City_54,State_82,11,2017-07-09
Item_965,2831,3.7878823666601127,35311,City_28,State_15,7,2017-09-20
Item_550,2832,8.074039313414174,30051,City_53,State_87,8,2017-09-05
Item_517,2836,7.546987687024715,27185,City_49,State_37,18,2017-09-23
Item_437,2838,3.7849642468703437,73961,City_21,State_38,4,2018-01-18
Item_530,2839,3.535163658451611,33895,City_73,State_82,6,2017-12-20
Item_700,2845,3.481748272802888,37434,City_66,State_78,19,2017-08-11
Item_905,2849,5.239404330843942,93862,City_28,State_29,3,2017-08-13
Item_501,2850,0.3890554724900389,14444,City_69,State_83,7,2017-03-01
Item_752,2851,9.831417104309692,96902,City_32,State_41,22,2017-11-22
Item_850,2853,8.430436258707987,43867,City_46,State_35,10,2018-02-07
Item_872,2855,7.206069015885663,31212,City_22,State_69,19,2017-09-06
Item_759,2862,8.7420652038678,30896,City_96,State_52,19,2017-05-27
Item_444,2863,7.757300509462405,91019,City_18,State_41,17,2017-08-17
Item_390,2865,5.012330398191375,38484,City_86,State_45,0,2017-03-31
Item_230,2866,0.9188544371626638,62042,City_45,State_46,8,2017-06-01
Item_925,2868,6.135201722643109,27161,City_93,State_77,9,2017-03-28
Item_617,2871,7.927610517067747,90979,City_72,State_52,19,2017-05-28
Item_518,2881,6.47047246892961,79322,City_37,State_71,22,2017-03-13
Item_872,2882,4.630599380951759,21766,City_74,State_84,9,2017-08-04
Item_708,2886,2.77831646246938,77040,City_67,State_92,16,2017-08-19
Item_262,2888,7.664727976675011,99057,City_48,State_62,5,2017-10-05
Item_933,2890,1.4319361782700304,68554,City_89,State_63,18,2018-01-05
Item_781,2891,2.9886093643947795,73858,City_88,State_17,4,2017-06-23
Item_696,2892,1.727871238698022,86568,City_33,State_33,17,2017-11-13
Item_829,2893,1.0061780856157871,33502,City_82,State_98,16,2017-09-30
Item_229,2894,1.5258980926477808,58977,City_16,State_34,12,2017-10-25
Item_450,2897,4.863826930212547,26319,City_59,State_74,6,2017-06-19
Item_391,2899,3.124486708115784,91545,City_93,State_52,17,2018-01-09
Item_282,2901,5.677089977192508,50523,City_12,State_59,17,2017-12-19
Item_153,2902,0.7163528596748066,35906,City_12,State_62,16,2017-12-17
Item_119,2903,6.3250287599281405,67565,City_89,State_91,12,2017-04-22
Item_801,2905,2.217463102217867,19791,City_36,State_72,4,2017-11-28
Item_935,2906,6.0886485741531065,78031,City_57,State_96,16,2017-04-03
